Index;Rhod;Rhol;Md;Ml;sd;sl;e;Sigmad;Sigmal;stoch;RhoA;Ta;Tau0;Deltah;DeltaH;Cp;Cpa;Ti;X0;r00;Blai;me
0;0.0;0.0;0.0;0.0;0.0;0.0;0.0;0.0;0.0;0.0;1.0;300;0;0.0;0.0;1800;1000;600;0.0;0.0;0.0;0.0
91;0.0;0.0;0.0;0.0;0.0;0.0;0.0;0.0;0.0;0.0;1.0;300;0;0.0;0.0;1800;1000;600;0.0;0.0;0.0;0.0
92;0.0;0.0;0.0;0.0;0.0;0.0;0.0;0.0;0.0;0.0;1.0;300;0;0.0;0.0;1800;1000;600;0.0;0.0;0.0;0.0
93;0.0;0.0;0.0;0.0;0.0;0.0;0.0;0.0;0.0;0.0;1.0;300;0;0.0;0.0;1800;1000;600;0.0;0.0;0.0;0.0
98;0.0;0.0;0.0;0.0;0.0;0.0;0.0;0.0;0.0;0.0;1.0;300;0;0.0;0.0;1800;1000;600;0.0;0.0;0.0;0.0
99;0.0;0.0;0.0;0.0;0.0;0.0;0.0;0.0;0.0;0.0;1.0;300;0;0.0;0.0;1800;1000;600;0.0;0.0;0.0;0.0
101;563.0;522.0;0.1;1.0;6099.0;7273.0;0.12;0.09;0.0;8.3;1.0;300;70000;18169000.0;18167000.0;1800;1000;600;0.3;2.5e-05;4.0;0.15
102;563.0;522.0;0.1;1.0;6099.0;7273.0;0.30;0.25;0.0;8.3;1.0;300;70000;18169000.0;18167000.0;1800;1000;600;0.3;2.5e-05;4.0;0.15
103;563.0;522.0;0.1;1.0;6099.0;7273.0;0.76;0.36;0.0;8.3;1.0;300;70000;18169000.0;18167000.0;1800;1000;600;0.3;2.5e-05;4.0;0.25
104;563.0;522.0;0.1;1.0;6099.0;7273.0;0.61;0.48;0.0;8.3;1.0;300;70000;18169000.0;18167000.0;1800;1000;600;0.3;2.5e-05;4.0;0.15
105;563.0;522.0;0.1;1.0;6099.0;7273.0;0.30;0.65;0.0;8.3;1.0;300;70000;18169000.0;18167000.0;1800;1000;600;0.3;2.5e-05;4.0;0.40
106;563.0;522.0;0.1;1.0;6099.0;7273.0;0.46;0.78;0.0;8.3;1.0;300;70000;18169000.0;18167000.0;1800;1000;600;0.3;2.5e-05;4.0;0.30
107;563.0;522.0;0.1;1.0;6099.0;7273.0;0.91;1.21;0.0;8.3;1.0;300;70000;18169000.0;18167000.0;1800;1000;600;0.3;2.5e-05;4.0;0.25
108;563.0;522.0;0.1;1.0;6099.0;7273.0;1.22;1.75;0.0;8.3;1.0;300;70000;18169000.0;18167000.0;1800;1000;600;0.3;2.5e-05;4.0;0.30
109;563.0;522.0;0.1;1.0;6099.0;7273.0;0.91;2.24;0.0;8.3;1.0;300;70000;18169000.0;18167000.0;1800;1000;600;0.3;2.5e-05;4.0;0.40
121;614.0;613.0;0.1;1.0;4287.0;5738.0;0.15;0.30;0.1;8.3;1.0;300;70000;18727000.0;18727000.0;1800;1000;600;0.3;2.5e-05;4.0;0.15
122;614.0;613.0;0.1;1.0;4287.0;5738.0;0.30;0.50;0.2;8.3;1.0;300;70000;18727000.0;18727000.0;1800;1000;600;0.3;2.5e-05;4.0;0.15
123;614.0;613.0;0.1;1.0;4287.0;5738.0;0.46;0.65;0.3;8.3;1.0;300;70000;18727000.0;18727000.0;1800;1000;600;0.3;2.5e-05;4.0;0.20
124;614.0;613.0;0.1;1.0;4287.0;5738.0;0.61;0.87;0.5;8.3;1.0;300;70000;18727000.0;18727000.0;1800;1000;600;0.3;2.5e-05;4.0;0.40
141;613.0;538.0;0.1;1.0;4357.0;6524.0;0.30;0.40;0.3;8.3;1.0;300;70000;18677000.0;18677000.0;1800;1000;600;0.3;2.5e-05;4.0;0.15
142;626.0;600.0;0.1;1.0;4325.0;5844.0;0.90;0.80;0.5;8.3;1.0;300;70000;18802000.0;18802000.0;1800;1000;600;0.3;2.5e-05;4.0;0.15
143;599.0;545.0;0.1;1.0;4773.0;6843.0;0.76;0.95;0.7;8.3;1.0;300;70000;18698000.0;18696000.0;1800;1000;600;0.3;2.5e-05;4.0;0.20
144;641.0;633.0;0.1;1.0;4883.0;5965.0;0.91;1.10;0.8;8.3;1.0;300;70000;18873000.0;18873000.0;1800;1000;600;0.3;2.5e-05;4.0;0.30
145;562.0;474.0;0.1;1.0;6740.0;8195.0;1.80;1.50;1.2;8.3;1.0;300;70000;18941000.0;18941000.0;1800;1000;600;0.3;2.5e-05;4.0;0.30
146;618.0;588.0;0.1;1.0;4605.0;6191.0;0.61;0.99;0.7;8.3;1.0;300;70000;18833000.0;18833000.0;1800;1000;600;0.3;2.5e-05;4.0;0.15
147;602.0;567.0;0.1;1.0;5057.0;6538.0;1.22;1.55;1.1;8.3;1.0;300;70000;18790000.0;18789000.0;1800;1000;600;0.3;2.5e-05;4.0;0.25
148;612.0;596.0;0.1;1.0;4716.0;6070.0;1.52;2.10;1.5;8.3;1.0;300;70000;18861000.0;18861000.0;1800;1000;600;0.3;2.5e-05;4.0;0.40
149;566.0;536.0;0.1;1.0;5636.0;6794.0;2.44;2.65;1.9;8.3;1.0;300;70000;18751000.0;18751000.0;1800;1000;600;0.3;2.5e-05;4.0;0.40
161;658.0;651.0;0.1;1.0;4734.0;5733.0;0.10;0.20;0.0;8.3;1.0;300;70000;18472000.0;18466000.0;1800;1000;600;0.3;2.5e-05;4.0;0.25
162;658.0;651.0;0.1;1.0;4734.0;5733.0;0.30;0.58;0.0;8.3;1.0;300;70000;18472000.0;18466000.0;1800;1000;600;0.3;2.5e-05;4.0;0.25
163;658.0;651.0;0.1;1.0;4734.0;5733.0;0.76;1.20;0.0;8.3;1.0;300;70000;18472000.0;18466000.0;1800;1000;600;0.3;2.5e-05;4.0;0.25
164;658.0;651.0;0.1;1.0;4734.0;5733.0;0.91;1.85;0.0;8.3;1.0;300;70000;18472000.0;18466000.0;1800;1000;600;0.3;2.5e-05;4.0;0.25
165;658.0;651.0;0.1;1.0;4734.0;5733.0;0.61;2.45;0.0;8.3;1.0;300;70000;18472000.0;18466000.0;1800;1000;600;0.3;2.5e-05;4.0;0.25
181;446.0;513.0;0.1;1.0;7792.0;9072.0;0.20;0.50;0.1;8.3;1.0;300;70000;18587000.0;18587000.0;1800;1000;600;0.3;2.5e-05;4.0;0.25
182;446.0;513.0;0.1;1.0;7792.0;9072.0;0.30;0.80;0.2;8.3;1.0;300;70000;18587000.0;18587000.0;1800;1000;600;0.3;2.5e-05;4.0;0.25
183;446.0;513.0;0.1;1.0;7792.0;9072.0;0.46;1.10;0.3;8.3;1.0;300;70000;18587000.0;18587000.0;1800;1000;600;0.3;2.5e-05;4.0;0.25
184;446.0;513.0;0.1;1.0;7792.0;9072.0;0.61;1.40;0.4;8.3;1.0;300;70000;18587000.0;18587000.0;1800;1000;600;0.3;2.5e-05;4.0;0.25
185;446.0;513.0;0.1;1.0;7792.0;9072.0;0.30;1.70;0.5;8.3;1.0;300;70000;18587000.0;18587000.0;1800;1000;600;0.3;2.5e-05;4.0;0.25
186;446.0;513.0;0.1;1.0;7792.0;9072.0;0.46;2.30;0.7;8.3;1.0;300;70000;18587000.0;18587000.0;1800;1000;600;0.3;2.5e-05;4.0;0.25
187;446.0;513.0;0.1;1.0;7792.0;9072.0;0.76;3.20;1.0;8.3;1.0;300;70000;18587000.0;18587000.0;1800;1000;600;0.3;2.5e-05;4.0;0.25
188;446.0;513.0;0.1;1.0;7792.0;9072.0;0.91;4.40;1.4;8.3;1.0;300;70000;18587000.0;18587000.0;1800;1000;600;0.3;2.5e-05;4.0;0.25
189;446.0;513.0;0.1;1.0;7792.0;9072.0;1.22;5.80;1.9;8.3;1.0;300;70000;18587000.0;18587000.0;1800;1000;600;0.3;2.5e-05;4.0;0.25
201;563.0;522.0;0.1;1.0;6099.0;7273.0;0.61;0.52;0.1;8.3;1.0;300;70000;18169000.0;18167000.0;1800;1000;600;0.3;2.5e-05;4.0;0.15
202;563.0;522.0;0.1;1.0;6099.0;7273.0;0.91;0.92;0.3;8.3;1.0;300;70000;18169000.0;18167000.0;1800;1000;600;0.3;2.5e-05;4.0;0.15
203;563.0;522.0;0.1;1.0;6099.0;7273.0;1.22;1.42;0.6;8.3;1.0;300;70000;18169000.0;18167000.0;1800;1000;600;0.3;2.5e-05;4.0;0.20
204;563.0;522.0;0.1;1.0;6099.0;7273.0;1.52;2.12;1.1;8.3;1.0;300;70000;18169000.0;18167000.0;1800;1000;600;0.3;2.5e-05;4.0;0.25